20.01,19
20.03,19
20.05,25
20.07,18
20.09,28
20.11,23
20.13,21
20.15,32
20.17,23
20.19,13
20.21,22
20.23,30
20.25,19
20.27,32
20.29,29
20.31,21
20.33,30
20.35,25
20.37,18
20.39,28
20.41,25
20.43,30
20.45,25
20.47,25
20.49,24
20.51,37
20.53,25
20.55,20
20.57,25
20.59,23
20.61,32
20.63,27
20.65,30
20.67,19
20.69,28
20.71,27
20.73,19
20.75,25
20.77,18
20.79,25
20.81,19
20.83,20
20.85,36
20.87,25
20.89,32
20.91,14
20.93,21
20.95,30
20.97,37
20.99,35
21.01,22
21.03,19
21.05,36
21.07,18
21.09,26
21.11,19
21.13,29
21.15,27
21.17,30
21.19,30
21.21,36
21.23,23
21.25,31
21.27,26
21.29,19
21.31,31
21.33,31
21.35,27
21.37,26
21.39,31
21.41,23
21.43,32
21.45,20
21.47,26
21.49,22
21.51,28
21.53,26
21.55,28
21.57,31
21.59,27
21.61,20
21.63,18
21.65,28
21.67,17
21.69,26
21.71,28
21.73,30
21.75,32
21.77,27
21.79,20
21.81,31
21.83,29
21.85,29
21.87,38
21.89,22
21.91,23
21.93,31
21.95,26
21.97,32
21.99,32
22.01,26
22.03,28
22.05,32
22.07,30
22.09,35
22.11,32
22.13,29
22.15,24
22.17,19
22.19,29
22.21,25
22.23,28
22.25,27
22.27,24
22.29,32
22.31,23
22.33,24
22.35,24
22.37,28
22.39,20
22.41,29
22.43,27
22.45,21
22.47,25
22.49,37
22.51,29
22.53,26
22.55,21
22.57,21
22.59,26
22.61,15
22.63,21
22.65,32
22.67,38
22.69,31
22.71,35
22.73,29
22.75,23
22.77,22
22.79,22
22.81,31
22.83,29
22.85,23
22.87,31
22.89,21
22.91,26
22.93,19
22.95,20
22.97,27
22.99,34
23.01,26
23.03,38
23.05,34
23.07,35
23.09,27
23.11,29
23.13,20
23.15,36
23.17,29
23.19,28
23.21,20
23.23,24
23.25,38
23.27,19
23.29,34
23.31,23
23.33,24
23.35,22
23.37,30
23.39,22
23.41,29
23.43,29
23.45,25
23.47,29
23.49,35
23.51,36
23.53,24
23.55,23
23.57,23
23.59,26
23.61,24
23.63,27
23.65,35
23.67,23
23.69,18
23.71,23
23.73,24
23.75,27
23.77,34
23.79,30
23.81,27
23.83,26
23.85,28
23.87,22
23.89,20
23.91,24
23.93,29
23.95,15
23.97,25
23.99,24
24.01,29
24.03,34
24.05,35
24.07,25
24.09,38
24.11,31
24.13,24
24.15,31
24.17,29
24.19,31
24.21,38
24.23,27
24.25,32
24.27,35
24.29,31
24.31,30
24.33,24
24.35,32
24.37,29
24.39,29
24.41,32
24.43,27
24.45,30
24.47,34
24.49,28
24.51,16
24.53,24
24.55,28
24.57,19
24.59,30
24.61,32
24.63,25
24.65,29
24.67,35
24.69,29
24.71,25
24.73,26
24.75,21
24.77,22
24.79,29
24.81,31
24.83,25
24.85,23
24.87,22
24.89,28
24.91,29
24.93,24
24.95,26
24.97,27
24.99,17
25.01,27
25.03,31
25.05,28
25.07,31
25.09,26
25.11,26
25.13,24
25.15,31
25.17,18
25.19,30
25.21,23
25.23,32
25.25,35
25.27,23
25.29,29
25.31,22
25.33,32
25.35,35
25.37,20
25.39,31
25.41,27
25.43,32
25.45,24
25.47,28
25.49,35
25.51,31
25.53,32
25.55,18
25.57,29
25.59,31
25.61,30
25.63,21
25.65,31
25.67,29
25.69,27
25.71,32
25.73,30
25.75,25
25.77,31
25.79,24
25.81,27
25.83,25
25.85,26
25.87,28
25.89,19
25.91,23
25.93,23
25.95,24
25.97,31
25.99,38
26.01,34
26.03,28
26.05,27
26.07,19
26.09,22
26.11,28
26.13,29
26.15,22
26.17,22
26.19,29
26.21,31
26.23,32
26.25,34
26.27,28
26.29,18
26.31,21
26.33,27
26.35,28
26.37,20
26.39,28
26.41,21
26.43,20
26.45,38
26.47,17
26.49,27
26.51,32
26.53,30
26.55,30
26.57,23
26.59,17
26.61,36
26.63,32
26.65,28
26.67,37
26.69,31
26.71,38
26.73,35
26.75,32
26.77,37
26.79,28
26.81,25
26.83,15
26.85,22
26.87,28
26.89,30
26.91,42
26.93,26
26.95,27
26.97,31
26.99,36
27.01,25
27.03,25
27.05,30
27.07,30
27.09,22
27.11,26
27.13,20
27.15,28
27.17,41
27.19,28
27.21,22
27.23,23
27.25,29
27.27,34
27.29,30
27.31,28
27.33,23
27.35,21
27.37,28
27.39,40
27.41,21
27.43,28
27.45,35
27.47,29
27.49,38
27.51,29
27.53,35
27.55,35
27.57,26
27.59,27
27.61,26
27.63,32
27.65,26
27.67,36
27.69,24
27.71,22
27.73,27
27.75,34
27.77,22
27.79,18
27.81,23
27.83,26
27.85,42
27.87,30
27.89,24
27.91,32
27.93,32
27.95,35
27.97,30
27.99,35
28.01,25
28.03,28
28.05,23
28.07,30
28.09,22
28.11,24
28.13,32
28.15,29
28.17,28
28.19,26
28.21,25
28.23,37
28.25,32
28.27,23
28.29,34
28.31,31
28.33,35
28.35,30
28.37,25
28.39,26
28.41,32
28.43,24
28.45,35
28.47,34
28.49,22
28.51,29
28.53,35
28.55,30
28.57,32
28.59,35
28.61,32
28.63,32
28.65,34
28.67,37
28.69,29
28.71,24
28.73,28
28.75,32
28.77,24
28.79,21
28.81,19
28.83,29
28.85,23
28.87,30
28.89,28
28.91,26
28.93,32
28.95,25
28.97,32
28.99,35
29.01,25
29.03,20
29.05,48
29.07,25
29.09,30
29.11,27
29.13,34
29.15,24
29.17,27
29.19,32
29.21,34
29.23,28
29.25,36
29.27,32
29.29,29
29.31,41
29.33,25
29.35,32
29.37,36
29.39,31
29.41,23
29.43,35
29.45,26
29.47,35
29.49,30
29.51,30
29.53,25
29.55,27
29.57,27
29.59,28
29.61,25
29.63,27
29.65,20
29.67,30
29.69,30
29.71,31
29.73,30
29.75,30
29.77,30
29.79,32
29.81,36
29.83,24
29.85,26
29.87,31
29.89,27
29.91,23
29.93,27
29.95,26
29.97,38
29.99,34
30.01,29
30.03,35
30.05,24
30.07,31
30.09,35
30.11,25
30.13,23
30.15,37
30.17,28
30.19,27
30.21,21
30.23,32
30.25,26
30.27,32
30.29,30
30.31,34
30.33,25
30.35,31
30.37,23
30.39,31
30.41,23
30.43,32
30.45,26
30.47,27
30.49,22
30.51,36
30.53,23
30.55,21
30.57,28
30.59,29
30.61,29
30.63,31
30.65,34
30.67,35
30.69,36
30.71,35
30.73,30
30.75,25
30.77,32
30.79,44
30.81,40
30.83,29
30.85,36
30.87,35
30.89,22
30.91,17
30.93,32
30.95,32
30.97,17
30.99,32
31.01,24
31.03,26
31.05,25
31.07,29
31.09,45
31.11,18
31.13,32
31.15,32
31.17,19
31.19,37
31.21,36
31.23,28
31.25,40
31.27,26
31.29,32
31.31,29
31.33,32
31.35,31
31.37,30
31.39,29
31.41,28
31.43,40
31.45,36
31.47,32
31.49,34
31.51,30
31.53,36
31.55,35
31.57,25
31.59,29
31.61,28
31.63,30
31.65,41
31.67,38
31.69,30
31.71,26
31.73,38
31.75,30
31.77,31
31.79,31
31.81,38
31.83,35
31.85,34
31.87,35
31.89,28
31.91,28
31.93,24
31.95,22
31.97,26
31.99,32
32.01,35
32.03,30
32.05,31
32.07,37
32.09,38
32.11,27
32.13,32
32.15,40
32.17,27
32.19,29
32.21,38
32.23,37
32.25,30
32.27,27
32.29,29
32.31,29
32.33,27
32.35,40
32.37,19
32.39,35
32.41,40
32.43,27
32.45,48
32.47,21
32.49,32
32.51,25
32.53,25
32.55,28
32.57,29
32.59,34
32.61,45
32.63,32
32.65,31
32.67,32
32.69,34
32.71,29
32.73,42
32.75,31
32.77,30
32.79,45
32.81,44
32.83,40
32.85,32
32.87,30
32.89,34
32.91,35
32.93,27
32.95,28
32.97,32
32.99,44
33.01,29
33.03,41
33.05,35
33.07,34
33.09,31
33.11,26
33.13,38
33.15,32
33.17,35
33.19,26
33.21,23
33.23,35
33.25,40
33.27,32
33.29,35
33.31,25
33.33,46
33.35,37
33.37,36
33.39,34
33.41,41
33.43,31
33.45,27
33.47,32
33.49,30
33.51,32
33.53,25
33.55,29
33.57,34
33.59,32
33.61,29
33.63,35
33.65,32
33.67,31
33.69,37
33.71,38
33.73,44
33.75,37
33.77,42
33.79,32
33.81,37
33.83,27
33.85,32
33.87,35
33.89,31
33.91,38
33.93,32
33.95,32
33.97,26
33.99,31
34.01,38
34.03,24
34.05,35
34.07,31
34.09,24
34.11,40
34.13,31
34.15,34
34.17,34
34.19,24
34.21,34
34.23,31
34.25,34
34.27,35
34.29,44
34.31,32
34.33,22
34.35,26
34.37,32
34.39,31
34.41,46
34.43,26
34.45,28
34.47,40
34.49,32
34.51,40
34.53,40
34.55,31
34.57,30
34.59,34
34.61,38
34.63,49
34.65,38
34.67,28
34.69,36
34.71,35
34.73,34
34.75,24
34.77,35
34.79,40
34.81,34
34.83,24
34.85,31
34.87,34
34.89,28
34.91,35
34.93,38
34.95,30
34.97,35
34.99,35
35.01,41
35.03,37
35.05,36
35.07,38
35.09,26
35.11,40
35.13,44
35.15,32
35.17,32
35.19,35
35.21,41
35.23,34
35.25,32
35.27,32
35.29,37
35.31,35
35.33,38
35.35,38
35.37,42
35.39,32
35.41,46
35.43,29
35.45,45
35.47,26
35.49,36
35.51,50
35.53,48
35.55,34
35.57,45
35.59,44
35.61,38
35.63,31
35.65,48
35.67,35
35.69,38
35.71,36
35.73,32
35.75,37
35.77,29
35.79,37
35.81,35
35.83,25
35.85,44
35.87,38
35.89,41
35.91,36
35.93,46
35.95,30
35.97,37
35.99,38
36.01,44
36.03,32
36.05,30
36.07,31
36.09,41
36.11,34
36.13,32
36.15,44
36.17,44
36.19,35
36.21,38
36.23,41
36.25,41
36.27,36
36.29,38
36.31,36
36.33,42
36.35,34
36.37,44
36.39,32
36.41,28
36.43,41
36.45,28
36.47,29
36.49,44
36.51,38
36.53,41
36.55,32
36.57,34
36.59,36
36.61,35
36.63,34
36.65,35
36.67,38
36.69,38
36.71,38
36.73,29
36.75,32
36.77,35
36.79,50
36.81,40
36.83,44
36.85,28
36.87,37
36.89,38
36.91,28
36.93,30
36.95,36
36.97,34
36.99,48
37.01,36
37.03,30
37.05,36
37.07,36
37.09,44
37.11,29
37.13,37
37.15,32
37.17,31
37.19,41
37.21,35
37.23,44
37.25,37
37.27,38
37.29,30
37.31,38
37.33,23
37.35,48
37.37,41
37.39,36
37.41,40
37.43,34
37.45,42
37.47,35
37.49,37
37.51,42
37.53,45
37.55,38
37.57,37
37.59,38
37.61,35
37.63,48
37.65,32
37.67,29
37.69,37
37.71,37
37.73,38
37.75,36
37.77,40
37.79,32
37.81,38
37.83,32
37.85,41
37.87,45
37.89,34
37.91,41
37.93,36
37.95,38
37.97,32
37.99,36
38.01,32
38.03,46
38.05,30
38.07,36
38.09,38
38.11,48
38.13,42
38.15,48
38.17,42
38.19,38
38.21,38
38.23,42
38.25,35
38.27,41
38.29,40
38.31,32
38.33,48
38.35,38
38.37,45
38.39,26
38.41,40
38.43,32
38.45,36
38.47,36
38.49,50
38.51,30
38.53,40
38.55,56
38.57,41
38.59,40
38.61,44
38.63,40
38.65,38
38.67,52
38.69,38
38.71,46
38.73,41
38.75,40
38.77,38
38.79,50
38.81,46
38.83,42
38.85,46
38.87,40
38.89,31
38.91,41
38.93,48
38.95,46
38.97,38
38.99,44
39.01,42
39.03,41
39.05,32
39.07,29
39.09,30
39.11,36
39.13,34
39.15,49
39.17,48
39.19,41
39.21,31
39.23,27
39.25,48
39.27,42
39.29,37
39.31,32
39.33,38
39.35,38
39.37,45
39.39,29
39.41,45
39.43,48
39.45,48
39.47,44
39.49,37
39.51,38
39.53,31
39.55,31
39.57,38
39.59,34
39.61,38
39.63,35
39.65,32
39.67,30
39.69,36
39.71,36
39.73,36
39.75,32
39.77,34
39.79,49
39.81,38
39.83,31
39.85,48
39.87,48
39.89,40
39.91,48
39.93,38
39.95,32
39.97,34
39.99,41
40.01,24
40.03,34
40.05,30
40.07,36
40.09,41
40.11,44
40.13,48
40.15,38
40.17,30
40.19,44
40.21,46
40.23,45
40.25,45
40.27,38
40.29,42
40.31,44
40.33,40
40.35,34
40.37,44
40.39,44
40.41,37
40.43,49
40.45,36
40.47,44
40.49,36
40.51,41
40.53,41
40.55,50
40.57,44
40.59,55
40.61,28
40.63,48
40.65,42
40.67,37
40.69,44
40.71,32
40.73,38
40.75,38
40.77,41
40.79,37
40.81,42
40.83,44
40.85,36
40.87,49
40.89,40
40.91,42
40.93,42
40.95,37
40.97,30
40.99,37
41.01,37
41.03,38
41.05,36
41.07,35
41.09,35
41.11,45
41.13,34
41.15,44
41.17,44
41.19,38
41.21,38
41.23,36
41.25,38
41.27,28
41.29,42
41.31,46
41.33,35
41.35,49
41.37,40
41.39,37
41.41,32
41.43,48
41.45,38
41.47,41
41.49,49
41.51,50
41.53,38
41.55,45
41.57,41
41.59,38
41.61,38
41.63,34
41.65,44
41.67,29
41.69,30
41.71,48
41.73,37
41.75,53
41.77,44
41.79,35
41.81,44
41.83,40
41.85,31
41.87,45
41.89,42
41.91,46
41.93,44
41.95,37
41.97,35
41.99,41
42.01,41
42.03,32
42.05,46
42.07,45
42.09,49
42.11,44
42.13,41
42.15,38
42.17,36
42.19,34
42.21,44
42.23,44
42.25,48
42.27,45
42.29,42
42.31,45
42.33,41
42.35,44
42.37,48
42.39,48
42.41,44
42.43,41
42.45,38
42.47,41
42.49,44
42.51,48
42.53,42
42.55,48
42.57,40
42.59,52
42.61,42
42.63,44
42.65,44
42.67,48
42.69,50
42.71,34
42.73,44
42.75,38
42.77,40
42.79,50
42.81,44
42.83,38
42.85,38
42.87,37
42.89,32
42.91,48
42.93,41
42.95,53
42.97,58
42.99,40
43.01,62
43.03,50
43.05,48
43.07,52
43.09,67
43.11,81
43.13,69
43.15,112
43.17,110
43.19,139
43.21,123
43.23,151
43.25,172
43.27,161
43.29,156
43.31,177
43.33,172
43.35,177
43.37,154
43.39,159
43.41,142
43.43,117
43.45,86
43.47,94
43.49,76
43.51,71
43.53,56
43.55,62
43.57,49
43.59,53
43.61,48
43.63,40
43.65,48
43.67,37
43.69,32
43.71,41
43.73,44
43.75,42
43.77,48
43.79,38
43.81,50
43.83,52
43.85,53
43.87,50
43.89,49
43.91,50
43.93,40
43.95,35
43.97,27
43.99,42
44.01,38
44.03,38
44.05,44
44.07,38
44.09,42
44.11,41
44.13,35
44.15,36
44.17,45
44.19,46
44.21,38
44.23,31
44.25,56
44.27,44
44.29,44
44.31,49
44.33,40
44.35,48
44.37,36
44.39,48
44.41,44
44.43,37
44.45,46
44.47,46
44.49,53
44.51,41
44.53,35
44.55,42
44.57,44
44.59,42
44.61,31
44.63,38
44.65,36
44.67,38
44.69,42
44.71,42
44.73,41
44.75,38
44.77,46
44.79,38
44.81,46
44.83,52
44.85,38
44.87,40
44.89,45
44.91,49
44.93,37
44.95,44
44.97,45
44.99,38
45.01,30
45.03,38
45.05,32
45.07,49
45.09,44
45.11,53
45.13,46
45.15,38
45.17,38
45.19,45
45.21,42
45.23,45
45.25,41
45.27,44
45.29,45
45.31,41
45.33,42
45.35,46
45.37,55
45.39,46
45.41,42
45.43,42
45.45,53
45.47,44
45.49,29
45.51,42
45.53,52
45.55,56
45.57,44
45.59,53
45.61,48
45.63,52
45.65,50
45.67,31
45.69,48
45.71,38
45.73,28
45.75,49
45.77,44
45.79,41
45.81,38
45.83,38
45.85,48
45.87,35
45.89,46
45.91,37
45.93,48
45.95,46
45.97,32
45.99,41
46.01,40
46.03,37
46.05,32
46.07,42
46.09,48
46.11,58
46.13,35
46.15,27
46.17,42
46.19,48
46.21,38
46.23,37
46.25,38
46.27,35
46.29,50
46.31,40
46.33,41
46.35,59
46.37,48
46.39,45
46.41,38
46.43,42
46.45,50
46.47,42
46.49,48
46.51,38
46.53,32
46.55,29
46.57,45
46.59,48
46.61,37
46.63,44
46.65,35
46.67,44
46.69,46
46.71,50
46.73,36
46.75,34
46.77,50
46.79,50
46.81,38
46.83,34
46.85,37
46.87,48
46.89,41
46.91,50
46.93,44
46.95,50
46.97,38
46.99,42
47.01,41
47.03,48
47.05,49
47.07,49
47.09,38
47.11,36
47.13,46
47.15,25
47.17,48
47.19,44
47.21,44
47.23,40
47.25,44
47.27,46
47.29,44
47.31,41
47.33,48
47.35,44
47.37,37
47.39,49
47.41,53
47.43,44
47.45,50
47.47,48
47.49,40
47.51,44
47.53,48
47.55,48
47.57,42
47.59,46
47.61,45
47.63,38
47.65,30
47.67,42
47.69,48
47.71,45
47.73,42
47.75,42
47.77,41
47.79,41
47.81,44
47.83,53
47.85,46
47.87,44
47.89,48
47.91,41
47.93,48
47.95,41
47.97,31
47.99,44
48.01,48
48.03,41
48.05,32
48.07,44
48.09,44
48.11,38
48.13,50
48.15,50
48.17,42
48.19,50
48.21,40
48.23,42
48.25,46
48.27,41
48.29,50
48.31,32
48.33,45
48.35,37
48.37,52
48.39,42
48.41,62
48.43,44
48.45,38
48.47,29
48.49,48
48.51,38
48.53,49
48.55,41
48.57,45
48.59,38
48.61,42
48.63,41
48.65,36
48.67,48
48.69,44
48.71,41
48.73,46
48.75,32
48.77,41
48.79,48
48.81,62
48.83,44
48.85,45
48.87,35
48.89,46
48.91,50
48.93,50
48.95,44
48.97,44
48.99,49
49.01,49
49.03,38
49.05,50
49.07,38
49.09,48
49.11,48
49.13,41
49.15,48
49.17,42
49.19,35
49.21,44
49.23,55
49.25,46
49.27,46
49.29,52
49.31,41
49.33,50
49.35,44
49.37,53
49.39,46
49.41,35
49.43,56
49.45,46
49.47,56
49.49,45
49.51,53
49.53,46
49.55,48
49.57,49
49.59,52
49.61,50
49.63,59
49.65,40
49.67,45
49.69,48
49.71,35
49.73,44
49.75,59
49.77,41
49.79,36
49.81,44
49.83,40
49.85,48
49.87,53
49.89,48
49.91,53
49.93,53
49.95,41
49.97,38
49.99,53
50.01,55
50.03,48
50.05,52
50.07,59
50.09,52
50.11,44
50.13,45
50.15,45
50.17,48
50.19,48
50.21,55
50.23,59
50.25,53
50.27,94
50.29,67
50.31,72
50.33,76
50.35,90
50.37,88
50.39,94
50.41,94
50.43,106
50.45,92
50.47,94
50.49,102
50.51,92
50.53,74
50.55,92
50.57,77
50.59,86
50.61,76
50.63,67
50.65,53
50.67,62
50.69,56
50.71,61
50.73,58
50.75,46
50.77,49
50.79,56
50.81,50
50.83,53
50.85,45
50.87,59
50.89,38
50.91,49
50.93,45
50.95,61
50.97,55
50.99,52
51.01,41
51.03,50
51.05,34
51.07,46
51.09,44
51.11,58
51.13,56
51.15,36
51.17,49
51.19,56
51.21,45
51.23,38
51.25,52
51.27,46
51.29,45
51.31,42
51.33,38
51.35,52
51.37,50
51.39,44
51.41,50
51.43,44
51.45,41
51.47,56
51.49,53
51.51,40
51.53,42
51.55,58
51.57,53
51.59,55
51.61,42
51.63,50
51.65,49
51.67,50
51.69,36
51.71,50
51.73,52
51.75,37
51.77,38
51.79,49
51.81,45
51.83,53
51.85,45
51.87,37
51.89,49
51.91,42
51.93,55
51.95,53
51.97,49
51.99,44
52.01,46
52.03,56
52.05,48
52.07,46
52.09,46
52.11,50
52.13,38
52.15,50
52.17,32
52.19,59
52.21,49
52.23,38
52.25,44
52.27,49
52.29,45
52.31,35
52.33,45
52.35,50
52.37,50
52.39,62
52.41,48
52.43,53
52.45,50
52.47,49
52.49,50
52.51,50
52.53,50
52.55,59
52.57,50
52.59,50
52.61,56
52.63,38
52.65,53
52.67,52
52.69,52
52.71,34
52.73,46
52.75,44
52.77,67
52.79,44
52.81,50
52.83,44
52.85,59
52.87,53
52.89,40
52.91,52
52.93,52
52.95,45
52.97,49
52.99,44
53.01,38
53.03,48
53.05,44
53.07,53
53.09,48
53.11,38
53.13,42
53.15,62
53.17,45
53.19,62
53.21,67
53.23,34
53.25,53
53.27,50
53.29,40
53.31,42
53.33,38
53.35,48
53.37,50
53.39,45
53.41,49
53.43,46
53.45,40
53.47,55
53.49,46
53.51,50
53.53,53
53.55,53
53.57,53
53.59,49
53.61,48
53.63,50
53.65,46
53.67,53
53.69,50
53.71,46
53.73,45
53.75,53
53.77,44
53.79,50
53.81,37
53.83,46
53.85,44
53.87,50
53.89,45
53.91,48
53.93,53
53.95,53
53.97,46
53.99,44
54.01,53
54.03,50
54.05,44
54.07,48
54.09,53
54.11,56
54.13,45
54.15,48
54.17,48
54.19,53
54.21,61
54.23,45
54.25,59
54.27,40
54.29,36
54.31,49
54.33,49
54.35,50
54.37,40
54.39,58
54.41,67
54.43,55
54.45,53
54.47,41
54.49,50
54.51,53
54.53,50
54.55,52
54.57,44
54.59,58
54.61,48
54.63,45
54.65,34
54.67,56
54.69,44
54.71,55
54.73,50
54.75,45
54.77,53
54.79,48
54.81,61
54.83,45
54.85,52
54.87,38
54.89,52
54.91,44
54.93,49
54.95,48
54.97,59
54.99,44
55.01,55
55.03,45
55.05,56
55.07,53
55.09,50
55.11,52
55.13,52
55.15,48
55.17,48
55.19,56
55.21,50
55.23,50
55.25,42
55.27,56
55.29,50
55.31,50
55.33,48
55.35,49
55.37,46
55.39,50
55.41,36
55.43,52
55.45,49
55.47,52
55.49,50
55.51,56
55.53,48
55.55,44
55.57,55
55.59,67
55.61,55
55.63,38
55.65,59
55.67,53
55.69,36
55.71,50
55.73,48
55.75,45
55.77,53
55.79,59
55.81,61
55.83,42
55.85,35
55.87,55
55.89,40
55.91,49
55.93,52
55.95,48
55.97,50
55.99,55
56.01,46
56.03,53
56.05,56
56.07,44
56.09,50
56.11,42
56.13,44
56.15,56
56.17,55
56.19,45
56.21,50
56.23,45
56.25,44
56.27,67
56.29,49
56.31,53
56.33,40
56.35,49
56.37,48
56.39,44
56.41,49
56.43,50
56.45,61
56.47,42
56.49,58
56.51,53
56.53,48
56.55,41
56.57,55
56.59,56
56.61,55
56.63,42
56.65,52
56.67,50
56.69,48
56.71,64
56.73,53
56.75,44
56.77,52
56.79,38
56.81,64
56.83,50
56.85,59
56.87,50
56.89,42
56.91,66
56.93,50
56.95,62
56.97,37
56.99,50
57.01,53
57.03,58
57.05,56
57.07,56
57.09,56
57.11,44
57.13,49
57.15,44
57.17,55
57.19,58
57.21,44
57.23,56
57.25,49
57.27,62
57.29,56
57.31,53
57.33,56
57.35,56
57.37,50
57.39,49
57.41,56
57.43,49
57.45,50
57.47,48
57.49,56
57.51,53
57.53,53
57.55,45
57.57,52
57.59,48
57.61,49
57.63,67
57.65,52
57.67,53
57.69,55
57.71,41
57.73,53
57.75,53
57.77,52
57.79,79
57.81,59
57.83,36
57.85,56
57.87,50
57.89,62
57.91,56
57.93,50
57.95,66
57.97,49
57.99,62
58.01,56
58.03,50
58.05,55
58.07,52
58.09,52
58.11,64
58.13,58
58.15,44
58.17,45
58.19,55
58.21,44
58.23,53
58.25,59
58.27,58
58.29,45
58.31,53
58.33,56
58.35,56
58.37,62
58.39,52
58.41,44
58.43,45
58.45,61
58.47,41
58.49,56
58.51,44
58.53,37
58.55,44
58.57,59
58.59,53
58.61,48
58.63,53
58.65,59
58.67,48
58.69,46
58.71,45
58.73,49
58.75,62
58.77,48
58.79,52
58.81,55
58.83,48
58.85,71
58.87,53
58.89,52
58.91,44
58.93,42
58.95,49
58.97,50
58.99,55
59.01,56
59.03,53
59.05,66
59.07,48
59.09,72
59.11,44
59.13,58
59.15,46
59.17,59
59.19,72
59.21,41
59.23,50
59.25,45
59.27,40
59.29,61
59.31,48
59.33,53
59.35,66
59.37,64
59.39,62
59.41,42
59.43,59
59.45,49
59.47,38
59.49,53
59.51,53
59.53,53
59.55,59
59.57,50
59.59,45
59.61,53
59.63,50
59.65,58
59.67,42
59.69,49
59.71,59
59.73,38
59.75,58
59.77,50
59.79,53
59.81,52
59.83,56
59.85,52
59.87,56
59.89,50
59.91,46
59.93,48
59.95,62
59.97,58
59.99,38
60.01,48
60.03,50
60.05,59
60.07,50
60.09,44
60.11,62
60.13,69
60.15,64
60.17,56
60.19,61
60.21,45
60.23,50
60.25,55
60.27,48
60.29,53
60.31,46
60.33,66
60.35,74
60.37,49
60.39,38
60.41,59
60.43,52
60.45,53
60.47,45
60.49,56
60.51,44
60.53,53
60.55,41
60.57,42
60.59,53
60.61,55
60.63,44
60.65,67
60.67,59
60.69,48
60.71,56
60.73,66
60.75,59
60.77,59
60.79,49
60.81,59
60.83,59
60.85,52
60.87,50
60.89,55
60.91,53
60.93,56
60.95,44
60.97,52
60.99,52
61.01,67
61.03,58
61.05,59
61.07,48
61.09,61
61.11,62
61.13,53
61.15,58
61.17,58
61.19,61
61.21,61
61.23,53
61.25,58
61.27,58
61.29,67
61.31,53
61.33,66
61.35,64
61.37,66
61.39,55
61.41,52
61.43,49
61.45,52
61.47,62
61.49,50
61.51,62
61.53,48
61.55,53
61.57,67
61.59,55
61.61,71
61.63,48
61.65,53
61.67,61
61.69,53
61.71,49
61.73,62
61.75,48
61.77,56
61.79,49
61.81,62
61.83,42
61.85,62
61.87,61
61.89,56
61.91,66
61.93,56
61.95,52
61.97,56
61.99,56
62.01,44
62.03,71
62.05,62
62.07,49
62.09,55
62.11,56
62.13,58
62.15,40
62.17,64
62.19,61
62.21,50
62.23,53
62.25,50
62.27,77
62.29,56
62.31,55
62.33,58
62.35,64
62.37,64
62.39,56
62.41,44
62.43,53
62.45,56
62.47,61
62.49,62
62.51,56
62.53,59
62.55,53
62.57,62
62.59,49
62.61,58
62.63,59
62.65,64
62.67,48
62.69,56
62.71,50
62.73,56
62.75,56
62.77,62
62.79,53
62.81,49
62.83,56
62.85,50
62.87,62
62.89,56
62.91,72
62.93,67
62.95,66
62.97,50
62.99,53
63.01,62
63.03,56
63.05,50
63.07,52
63.09,49
63.11,48
63.13,38
63.15,52
63.17,62
63.19,59
63.21,48
63.23,72
63.25,53
63.27,59
63.29,76
63.31,61
63.33,55
63.35,53
63.37,62
63.39,56
63.41,50
63.43,48
63.45,61
63.47,58
63.49,50
63.51,53
63.53,71
63.55,62
63.57,31
63.59,50
63.61,52
63.63,53
63.65,61
63.67,67
63.69,56
63.71,50
63.73,56
63.75,58
63.77,58
63.79,53
63.81,55
63.83,61
63.85,48
63.87,55
63.89,72
63.91,64
63.93,44
63.95,52
63.97,58
63.99,53
64.01,62
64.03,52
64.05,59
64.07,45
64.09,67
64.11,53
64.13,72
64.15,55
64.17,46
64.19,56
64.21,56
64.23,59
64.25,56
64.27,56
64.29,55
64.31,55
64.33,56
64.35,62
64.37,76
64.39,61
64.41,69
64.43,53
64.45,62
64.47,53
64.49,50
64.51,67
64.53,48
64.55,72
64.57,55
64.59,50
64.61,46
64.63,46
64.65,55
64.67,61
64.69,50
64.71,36
64.73,56
64.75,53
64.77,45
64.79,55
64.81,56
64.83,56
64.85,62
64.87,48
64.89,58
64.91,66
64.93,69
64.95,55
64.97,55
64.99,46
65.01,74
65.03,62
65.05,56
65.07,50
65.09,53
65.11,55
65.13,71
65.15,53
65.17,52
65.19,52
65.21,59
65.23,64
65.25,56
65.27,85
65.29,53
65.31,42
65.33,50
65.35,59
65.37,53
65.39,55
65.41,55
65.43,42
65.45,77
65.47,50
65.49,62
65.51,61
65.53,58
65.55,64
65.57,48
65.59,61
65.61,55
65.63,66
65.65,66
65.67,48
65.69,59
65.71,52
65.73,67
65.75,66
65.77,53
65.79,62
65.81,62
65.83,59
65.85,53
65.87,66
65.89,58
65.91,59
65.93,62
65.95,61
65.97,64
65.99,50
66.01,74
66.03,56
66.05,58
66.07,71
66.09,56
66.11,56
66.13,62
66.15,53
66.17,50
66.19,61
66.21,59
66.23,55
66.25,49
66.27,55
66.29,66
66.31,61
66.33,53
66.35,50
66.37,61
66.39,58
66.41,61
66.43,71
66.45,58
66.47,52
66.49,56
66.51,64
66.53,53
66.55,44
66.57,67
66.59,74
66.61,58
66.63,62
66.65,66
66.67,45
66.69,71
66.71,56
66.73,55
66.75,59
66.77,66
66.79,58
66.81,50
66.83,59
66.85,48
66.87,56
66.89,59
66.91,52
66.93,83
66.95,48
66.97,56
66.99,61
67.01,62
67.03,48
67.05,62
67.07,62
67.09,53
67.11,49
67.13,53
67.15,74
67.17,56
67.19,59
67.21,58
67.23,52
67.25,52
67.27,58
67.29,62
67.31,50
67.33,72
67.35,55
67.37,53
67.39,69
67.41,59
67.43,46
67.45,56
67.47,53
67.49,62
67.51,52
67.53,59
67.55,50
67.57,59
67.59,56
67.61,67
67.63,58
67.65,56
67.67,55
67.69,56
67.71,49
67.73,61
67.75,46
67.77,53
67.79,69
67.81,56
67.83,53
67.85,52
67.87,40
67.89,38
67.91,62
67.93,76
67.95,59
67.97,64
67.99,53
68.01,59
68.03,66
68.05,53
68.07,59
68.09,66
68.11,59
68.13,64
68.15,56
68.17,53
68.19,52
68.21,48
68.23,50
68.25,66
68.27,59
68.29,59
68.31,59
68.33,62
68.35,72
68.37,44
68.39,61
68.41,62
68.43,72
68.45,66
68.47,52
68.49,59
68.51,62
68.53,72
68.55,56
68.57,48
68.59,56
68.61,48
68.63,48
68.65,74
68.67,53
68.69,58
68.71,77
68.73,64
68.75,55
68.77,66
68.79,59
68.81,66
68.83,50
68.85,53
68.87,59
68.89,42
68.91,61
68.93,69
68.95,71
68.97,69
68.99,59
69.01,62
69.03,56
69.05,59
69.07,62
69.09,50
69.11,66
69.13,56
69.15,77
69.17,62
69.19,61
69.21,55
69.23,58
69.25,55
69.27,67
69.29,61
69.31,66
69.33,64
69.35,56
69.37,56
69.39,61
69.41,53
69.43,58
69.45,48
69.47,64
69.49,56
69.51,71
69.53,58
69.55,58
69.57,62
69.59,56
69.61,61
69.63,58
69.65,59
69.67,72
69.69,62
69.71,56
69.73,56
69.75,56
69.77,58
69.79,66
69.81,66
69.83,53
69.85,62
69.87,66
69.89,66
69.91,76
69.93,71
69.95,66
69.97,66
69.99,67
70.01,69
70.03,64
70.05,67
70.07,71
70.09,67
70.11,83
70.13,66
70.15,64
70.17,46
70.19,71
70.21,56
70.23,74
70.25,56
70.27,59
70.29,45
70.31,79
70.33,61
70.35,58
70.37,67
70.39,58
70.41,56
70.43,64
70.45,72
70.47,61
70.49,50
70.51,49
70.53,76
70.55,72
70.57,59
70.59,62
70.61,62
70.63,56
70.65,53
70.67,64
70.69,69
70.71,56
70.73,66
70.75,64
70.77,81
70.79,66
70.81,45
70.83,71
70.85,64
70.87,53
70.89,66
70.91,62
70.93,69
70.95,50
70.97,72
70.99,56
71.01,53
71.03,77
71.05,72
71.07,64
71.09,67
71.11,67
71.13,66
71.15,58
71.17,62
71.19,71
71.21,83
71.23,74
71.25,76
71.27,66
71.29,67
71.31,56
71.33,77
71.35,69
71.37,59
71.39,66
71.41,69
71.43,72
71.45,55
71.47,56
71.49,59
71.51,66
71.53,59
71.55,56
71.57,53
71.59,77
71.61,61
71.63,58
71.65,53
71.67,61
71.69,71
71.71,77
71.73,71
71.75,59
71.77,61
71.79,44
71.81,59
71.83,71
71.85,72
71.87,76
71.89,77
71.91,53
71.93,62
71.95,66
71.97,58
71.99,64
72.01,67
72.03,66
72.05,52
72.07,62
72.09,56
72.11,56
72.13,66
72.15,62
72.17,71
72.19,66
72.21,48
72.23,58
72.25,58
72.27,58
72.29,74
72.31,58
72.33,56
72.35,53
72.37,64
72.39,58
72.41,59
72.43,66
72.45,56
72.47,76
72.49,59
72.51,61
72.53,50
72.55,67
72.57,62
72.59,61
72.61,52
72.63,71
72.65,67
72.67,72
72.69,56
72.71,64
72.73,69
72.75,58
72.77,59
72.79,71
72.81,67
72.83,67
72.85,71
72.87,71
72.89,58
72.91,71
72.93,81
72.95,79
72.97,67
72.99,69
73.01,79
73.03,64
73.05,56
73.07,62
73.09,74
73.11,45
73.13,59
73.15,62
73.17,62
73.19,83
73.21,55
73.23,59
73.25,76
73.27,55
73.29,66
73.31,62
73.33,62
73.35,67
73.37,46
73.39,61
73.41,64
73.43,52
73.45,67
73.47,71
73.49,69
73.51,41
73.53,76
73.55,53
73.57,90
73.59,76
73.61,66
73.63,71
73.65,67
73.67,61
73.69,62
73.71,58
73.73,56
73.75,58
73.77,72
73.79,67
73.81,72
73.83,79
73.85,76
73.87,74
73.89,86
73.91,83
73.93,96
73.95,85
73.97,106
73.99,88
74.01,104
74.03,74
74.05,94
74.07,83
74.09,104
74.11,102
74.13,98
74.15,79
74.17,83
74.19,92
74.21,83
74.23,88
74.25,96
74.27,100
74.29,76
74.31,83
74.33,77
74.35,96
74.37,74
74.39,81
74.41,83
74.43,79
74.45,79
74.47,59
74.49,66
74.51,76
74.53,86
74.55,72
74.57,64
74.59,67
74.61,71
74.63,67
74.65,72
74.67,56
74.69,71
74.71,67
74.73,56
74.75,67
74.77,62
74.79,74
74.81,71
74.83,62
74.85,62
74.87,72
74.89,58
74.91,61
74.93,71
74.95,52
74.97,74
74.99,69
75.01,56
75.03,58
75.05,77
75.07,61
75.09,56
75.11,66
75.13,62
75.15,59
75.17,61
75.19,72
75.21,72
75.23,72
75.25,72
75.27,59
75.29,67
75.31,61
75.33,59
75.35,67
75.37,69
75.39,53
75.41,56
75.43,71
75.45,72
75.47,69
75.49,56
75.51,59
75.53,76
75.55,79
75.57,72
75.59,62
75.61,55
75.63,62
75.65,72
75.67,64
75.69,79
75.71,67
75.73,59
75.75,79
75.77,50
75.79,76
75.81,81
75.83,66
75.85,59
75.87,76
75.89,77
75.91,77
75.93,74
75.95,76
75.97,66
75.99,67
76.01,71
76.03,67
76.05,71
76.07,67
76.09,72
76.11,72
76.13,56
76.15,72
76.17,67
76.19,66
76.21,79
76.23,77
76.25,67
76.27,83
76.29,56
76.31,66
76.33,79
76.35,67
76.37,83
76.39,67
76.41,67
76.43,67
76.45,67
76.47,76
76.49,66
76.51,52
76.53,53
76.55,69
76.57,59
76.59,67
76.61,67
76.63,53
76.65,72
76.67,64
76.69,71
76.71,72
76.73,53
76.75,67
76.77,79
76.79,72
76.81,77
76.83,74
76.85,71
76.87,72
76.89,72
76.91,66
76.93,69
76.95,56
76.97,69
76.99,79
77.01,71
77.03,69
77.05,58
77.07,85
77.09,71
77.11,76
77.13,72
77.15,71
77.17,55
77.19,71
77.21,76
77.23,69
77.25,83
77.27,74
77.29,76
77.31,55
77.33,55
77.35,72
77.37,81
77.39,83
77.41,69
77.43,62
77.45,67
77.47,59
77.49,61
77.51,48
77.53,67
77.55,79
77.57,72
77.59,62
77.61,76
77.63,72
77.65,74
77.67,59
77.69,59
77.71,66
77.73,83
77.75,72
77.77,72
77.79,59
77.81,50
77.83,66
77.85,64
77.87,69
77.89,64
77.91,59
77.93,59
77.95,69
77.97,83
77.99,71
78.01,76
78.03,62
78.05,61
78.07,62
78.09,77
78.11,67
78.13,69
78.15,72
78.17,66
78.19,77
78.21,59
78.23,61
78.25,76
78.27,56
78.29,62
78.31,66
78.33,76
78.35,77
78.37,66
78.39,62
78.41,66
78.43,76
78.45,64
78.47,62
78.49,74
78.51,72
78.53,50
78.55,77
78.57,67
78.59,72
78.61,72
78.63,71
78.65,64
78.67,67
78.69,76
78.71,71
78.73,58
78.75,67
78.77,86
78.79,96
78.81,66
78.83,72
78.85,72
78.87,66
78.89,62
78.91,62
78.93,74
78.95,64
78.97,71
78.99,59
79.01,79
79.03,71
79.05,72
79.07,71
79.09,67
79.11,77
79.13,67
79.15,83
79.17,83
79.19,79
79.21,77
79.23,83
79.25,85
79.27,71
79.29,66
79.31,66
79.33,79
79.35,77
79.37,69
79.39,67
79.41,76
79.43,67
79.45,77
79.47,62
79.49,71
79.51,79
79.53,64
79.55,58
79.57,69
79.59,74
79.61,76
79.63,83
79.65,85
79.67,50
79.69,76
79.71,66
79.73,62
79.75,67
79.77,66
79.79,66
79.81,66
79.83,55
79.85,64
79.87,66
79.89,59
79.91,90
79.93,62
79.95,66
79.97,71
79.99,76
80.01,71
80.03,69
80.05,66
80.07,71
80.09,81
80.11,76
80.13,77
80.15,85
80.17,59
80.19,69
80.21,76
80.23,69
80.25,64
80.27,61
80.29,76
80.31,71
80.33,67
80.35,90
80.37,69
80.39,76
80.41,64
80.43,67
80.45,77
80.47,64
80.49,85
80.51,67
80.53,67
80.55,83
80.57,53
80.59,76
80.61,77
80.63,90
80.65,71
80.67,77
80.69,71
80.71,66
80.73,59
80.75,85
80.77,66
80.79,81
80.81,76
80.83,76
80.85,56
80.87,67
80.89,69
80.91,66
80.93,62
80.95,76
80.97,61
80.99,67
81.01,83
81.03,71
81.05,76
81.07,79
81.09,66
81.11,71
81.13,61
81.15,64
81.17,76
81.19,72
81.21,71
81.23,85
81.25,67
81.27,58
81.29,79
81.31,85
81.33,83
81.35,76
81.37,58
81.39,85
81.41,71
81.43,86
81.45,74
81.47,67
81.49,53
81.51,72
81.53,76
81.55,66
81.57,77
81.59,46
81.61,69
81.63,72
81.65,72
81.67,79
81.69,72
81.71,66
81.73,76
81.75,76
81.77,77
81.79,77
81.81,77
81.83,71
81.85,66
81.87,83
81.89,61
81.91,76
81.93,79
81.95,64
81.97,67
81.99,79
82.01,71
82.03,85
82.05,81
82.07,86
82.09,76
82.11,64
82.13,72
82.15,64
82.17,67
82.19,83
82.21,62
82.23,56
82.25,71
82.27,85
82.29,59
82.31,72
82.33,64
82.35,85
82.37,76
82.39,71
82.41,86
82.43,77
82.45,74
82.47,94
82.49,79
82.51,83
82.53,76
82.55,76
82.57,94
82.59,76
82.61,71
82.63,59
82.65,79
82.67,58
82.69,79
82.71,61
82.73,67
82.75,79
82.77,71
82.79,85
82.81,71
82.83,67
82.85,79
82.87,66
82.89,83
82.91,86
82.93,67
82.95,71
82.97,66
82.99,76
83.01,76
83.03,85
83.05,96
83.07,67
83.09,81
83.11,67
83.13,79
83.15,86
83.17,83
83.19,59
83.21,71
83.23,79
83.25,67
83.27,81
83.29,88
83.31,74
83.33,72
83.35,83
83.37,74
83.39,66
83.41,83
83.43,74
83.45,71
83.47,94
83.49,79
83.51,81
83.53,66
83.55,74
83.57,74
83.59,69
83.61,81
83.63,79
83.65,83
83.67,83
83.69,76
83.71,76
83.73,76
83.75,72
83.77,71
83.79,88
83.81,69
83.83,90
83.85,86
83.87,61
83.89,77
83.91,66
83.93,74
83.95,62
83.97,77
83.99,67
84.01,76
84.03,59
84.05,77
84.07,77
84.09,76
84.11,85
84.13,83
84.15,85
84.17,61
84.19,69
84.21,66
84.23,77
84.25,88
84.27,72
84.29,79
84.31,86
84.33,76
84.35,74
84.37,59
84.39,56
84.41,62
84.43,67
84.45,77
84.47,76
84.49,67
84.51,74
84.53,62
84.55,71
84.57,81
84.59,71
84.61,66
84.63,88
84.65,71
84.67,88
84.69,69
84.71,79
84.73,64
84.75,72
84.77,69
84.79,77
84.81,77
84.83,69
84.85,72
84.87,86
84.89,76
84.91,85
84.93,59
84.95,56
84.97,74
84.99,67
85.01,90
85.03,67
85.05,83
85.07,79
85.09,83
85.11,62
85.13,67
85.15,53
85.17,74
85.19,56
85.21,83
85.23,85
85.25,98
85.27,77
85.29,86
85.31,77
85.33,71
85.35,64
85.37,72
85.39,72
85.41,71
85.43,88
85.45,77
85.47,79
85.49,76
85.51,83
85.53,76
85.55,71
85.57,76
85.59,90
85.61,71
85.63,83
85.65,66
85.67,71
85.69,77
85.71,62
85.73,76
85.75,79
85.77,76
85.79,62
85.81,83
85.83,81
85.85,83
85.87,83
85.89,83
85.91,79
85.93,83
85.95,85
85.97,69
85.99,88
86.01,67
86.03,76
86.05,85
86.07,96
86.09,77
86.11,77
86.13,79
86.15,71
86.17,67
86.19,69
86.21,86
86.23,83
86.25,77
86.27,83
86.29,88
86.31,74
86.33,74
86.35,71
86.37,67
86.39,69
86.41,66
86.43,77
86.45,79
86.47,71
86.49,79
86.51,59
86.53,77
86.55,86
86.57,92
86.59,71
86.61,71
86.63,72
86.65,88
86.67,72
86.69,79
86.71,79
86.73,79
86.75,67
86.77,72
86.79,66
86.81,71
86.83,79
86.85,74
86.87,79
86.89,77
86.91,76
86.93,79
86.95,67
86.97,66
86.99,71
87.01,76
87.03,85
87.05,77
87.07,81
87.09,72
87.11,96
87.13,76
87.15,88
87.17,76
87.19,88
87.21,76
87.23,72
87.25,83
87.27,62
87.29,71
87.31,72
87.33,94
87.35,83
87.37,92
87.39,92
87.41,67
87.43,62
87.45,71
87.47,71
87.49,64
87.51,64
87.53,62
87.55,83
87.57,72
87.59,88
87.61,61
87.63,88
87.65,85
87.67,67
87.69,72
87.71,66
87.73,81
87.75,76
87.77,94
87.79,88
87.81,71
87.83,83
87.85,76
87.87,81
87.89,76
87.91,81
87.93,71
87.95,74
87.97,72
87.99,64
88.01,77
88.03,77
88.05,81
88.07,79
88.09,79
88.11,94
88.13,77
88.15,90
88.17,90
88.19,69
88.21,79
88.23,71
88.25,67
88.27,83
88.29,76
88.31,83
88.33,77
88.35,71
88.37,88
88.39,85
88.41,74
88.43,76
88.45,74
88.47,67
88.49,85
88.51,90
88.53,79
88.55,76
88.57,76
88.59,77
88.61,85
88.63,85
88.65,79
88.67,86
88.69,77
88.71,71
88.73,79
88.75,90
88.77,77
88.79,76
88.81,86
88.83,83
88.85,74
88.87,79
88.89,71
88.91,86
88.93,85
88.95,69
88.97,86
88.99,69
89.01,72
89.03,72
89.05,77
89.07,71
89.09,71
89.11,77
89.13,88
89.15,96
89.17,76
89.19,66
89.21,71
89.23,71
89.25,71
89.27,100
89.29,92
89.31,85
89.33,77
89.35,76
89.37,86
89.39,77
89.41,85
89.43,90
89.45,77
89.47,76
89.49,76
89.51,88
89.53,106
89.55,77
89.57,69
89.59,98
89.61,96
89.63,94
89.65,96
89.67,85
89.69,110
89.71,112
89.73,108
89.75,104
89.77,106
89.79,102
89.81,94
89.83,132
89.85,110
89.87,112
89.89,112
89.91,114
89.93,108
89.95,121
89.97,123
89.99,121
90.01,110
90.03,102
90.05,98
90.07,92
90.09,90
90.11,112
90.13,102
90.15,100
90.17,104
90.19,106
90.21,112
90.23,104
90.25,96
90.27,92
90.29,88
90.31,88
90.33,98
90.35,85
90.37,94
90.39,90
90.41,86
90.43,94
90.45,83
90.47,74
90.49,79
90.51,100
90.53,85
90.55,86
90.57,77
90.59,88
90.61,88
90.63,94
90.65,85
90.67,88
90.69,81
90.71,76
90.73,88
90.75,77
90.77,77
90.79,83
90.81,76
90.83,71
90.85,79
90.87,79
90.89,83
90.91,85
90.93,81
90.95,86
90.97,77
90.99,76
91.01,62
91.03,77
91.05,102
91.07,76
91.09,76
91.11,86
91.13,76
91.15,86
91.17,81
91.19,77
91.21,71
91.23,79
91.25,81
91.27,83
91.29,83
91.31,76
91.33,96
91.35,100
91.37,86
91.39,86
91.41,72
91.43,83
91.45,71
91.47,100
91.49,86
91.51,92
91.53,77
91.55,86
91.57,83
91.59,76
91.61,92
91.63,79
91.65,88
91.67,92
91.69,71
91.71,85
91.73,76
91.75,83
91.77,88
91.79,79
91.81,83
91.83,77
91.85,76
91.87,86
91.89,96
91.91,83
91.93,86
91.95,74
91.97,77
91.99,92
92.01,86
92.03,86
92.05,85
92.07,76
92.09,81
92.11,77
92.13,86
92.15,79
92.17,79
92.19,81
92.21,90
92.23,74
92.25,94
92.27,71
92.29,85
92.31,71
92.33,92
92.35,90
92.37,98
92.39,77
92.41,90
92.43,83
92.45,81
92.47,79
92.49,90
92.51,71
92.53,88
92.55,85
92.57,86
92.59,92
92.61,90
92.63,85
92.65,77
92.67,94
92.69,76
92.71,102
92.73,79
92.75,74
92.77,81
92.79,102
92.81,81
92.83,88
92.85,98
92.87,81
92.89,85
92.91,90
92.93,74
92.95,62
92.97,94
92.99,71
93.01,85
93.03,76
93.05,94
93.07,92
93.09,92
93.11,85
93.13,77
93.15,72
93.17,79
93.19,77
93.21,77
93.23,83
93.25,71
93.27,79
93.29,72
93.31,88
93.33,88
93.35,79
93.37,81
93.39,88
93.41,90
93.43,90
93.45,88
93.47,71
93.49,67
93.51,83
93.53,83
93.55,67
93.57,72
93.59,81
93.61,59
93.63,77
93.65,79
93.67,66
93.69,92
93.71,76
93.73,106
93.75,67
93.77,76
93.79,79
93.81,83
93.83,76
93.85,90
93.87,71
93.89,83
93.91,86
93.93,85
93.95,71
93.97,86
93.99,88
94.01,79
94.03,96
94.05,79
94.07,76
94.09,96
94.11,86
94.13,77
94.15,96
94.17,83
94.19,81
94.21,86
94.23,94
94.25,79
94.27,79
94.29,88
94.31,83
94.33,83
94.35,96
94.37,92
94.39,61
94.41,77
94.43,76
94.45,92
94.47,88
94.49,83
94.51,76
94.53,76
94.55,102
94.57,72
94.59,121
94.61,106
94.63,83
94.65,88
94.67,88
94.69,88
94.71,83
94.73,79
94.75,83
94.77,77
94.79,88
94.81,85
94.83,85
94.85,86
94.87,98
94.89,83
94.91,94
94.93,100
94.95,100
94.97,96
94.99,76
95.01,98
95.03,83
95.05,98
95.07,104
95.09,102
95.11,92
95.13,106
95.15,96
95.17,100
95.19,77
95.21,90
95.23,90
95.25,98
95.27,72
95.29,86
95.31,69
95.33,74
95.35,85
95.37,92
95.39,94
95.41,96
95.43,79
95.45,86
95.47,92
95.49,92
95.51,90
95.53,117
95.55,106
95.57,92
95.59,88
95.61,94
95.63,88
95.65,88
95.67,90
95.69,83
95.71,86
95.73,69
95.75,79
95.77,88
95.79,88
95.81,90
95.83,85
95.85,96
95.87,90
95.89,94
95.91,88
95.93,69
95.95,85
95.97,83
95.99,72
96.01,96
96.03,79
96.05,98
96.07,94
96.09,100
96.11,88
96.13,83
96.15,76
96.17,90
96.19,76
96.21,77
96.23,100
96.25,88
96.27,88
96.29,92
96.31,83
96.33,88
96.35,74
96.37,90
96.39,94
96.41,85
96.43,72
96.45,79
96.47,85
96.49,77
96.51,86
96.53,94
96.55,83
96.57,77
96.59,94
96.61,100
96.63,64
96.65,100
96.67,98
96.69,88
96.71,98
96.73,86
96.75,81
96.77,76
96.79,85
96.81,110
96.83,79
96.85,81
96.87,77
96.89,94
96.91,94
96.93,76
96.95,108
96.97,72
96.99,83
97.01,77
97.03,86
97.05,98
97.07,83
97.09,81
97.11,79
97.13,86
97.15,90
97.17,98
97.19,96
97.21,77
97.23,81
97.25,74
97.27,74
97.29,86
97.31,94
97.33,85
97.35,104
97.37,92
97.39,71
97.41,85
97.43,79
97.45,79
97.47,86
97.49,77
97.51,100
97.53,104
97.55,102
97.57,92
97.59,81
97.61,88
97.63,96
97.65,88
97.67,88
97.69,83
97.71,79
97.73,92
97.75,92
97.77,86
97.79,94
97.81,72
97.83,77
97.85,81
97.87,98
97.89,83
97.91,86
97.93,102
97.95,72
97.97,100
97.99,85
98.01,85
98.03,88
98.05,83
98.07,102
98.09,90
98.11,98
98.13,72
98.15,94
98.17,85
98.19,98
98.21,86
98.23,102
98.25,85
98.27,98
98.29,85
98.31,86
98.33,92
98.35,92
98.37,85
98.39,112
98.41,88
98.43,90
98.45,96
98.47,90
98.49,96
98.51,92
98.53,90
98.55,90
98.57,85
98.59,100
98.61,77
98.63,112
98.65,90
98.67,86
98.69,90
98.71,79
98.73,102
98.75,98
98.77,83
98.79,96
98.81,86
98.83,76
98.85,86
98.87,92
98.89,88
98.91,86
98.93,92
98.95,100
98.97,90
98.99,112
99.01,94
99.03,90
99.05,79
99.07,85
99.09,85
99.11,110
99.13,88
99.15,83
99.17,100
99.19,74
99.21,81
99.23,94
99.25,85
99.27,108
99.29,98
99.31,94
99.33,100
99.35,86
99.37,100
99.39,100
99.41,83
99.43,96
99.45,86
99.47,94
99.49,98
99.51,96
99.53,102
99.55,88
99.57,85
99.59,90
99.61,74
99.63,83
99.65,77
99.67,100
99.69,88
99.71,100
99.73,92
99.75,102
99.77,90
99.79,83
99.81,102
99.83,85
99.85,92
99.87,106
99.89,88
99.91,94
99.93,86
99.95,98
99.97,96
99.99,102
